{
    "n_peaks": 26,
    "peaks": [
        [
            157.276367,
            1219.0
        ],
        [
            196.953918,
            2328.0
        ],
        [
            214.979919,
            3932.0
        ],
        [
            255.16452,
            2907.0
        ],
        [
            283.105225,
            874.0
        ],
        [
            292.944641,
            1677.0
        ],
        [
            311.458191,
            1134.0
        ],
        [
            316.120728,
            1374.0
        ],
        [
            333.85199,
            1593.0
        ],
        [
            347.358398,
            1225.0
        ],
        [
            349.379272,
            658.0
        ],
        [
            360.931396,
            1962.0
        ],
        [
            375.092529,
            2364.0
        ],
        [
            377.274353,
            2668.0
        ],
        [
            379.235535,
            12688.0
        ],
        [
            384.018066,
            3168.0
        ],
        [
            387.07843,
            28744.0
        ],
        [
            389.143005,
            6052.0
        ],
        [
            393.104919,
            1249.0
        ],
        [
            406.953796,
            42679.0
        ],
        [
            408.779419,
            4534.0
        ],
        [
            414.999573,
            14808.0
        ],
        [
            423.903198,
            804.0
        ],
        [
            428.382385,
            6423.0
        ],
        [
            442.605713,
            740.0
        ],
        [
            444.391052,
            7975.0
        ]
    ],
    "precursor_mz": 443.1
}