{
    "n_peaks": 26,
    "peaks": [
        [
            157.2763671875,
            1219.0
        ],
        [
            196.95391845703125,
            2328.0
        ],
        [
            214.97991943359375,
            3932.0
        ],
        [
            255.16452026367188,
            2907.0
        ],
        [
            283.105224609375,
            874.0
        ],
        [
            292.94464111328125,
            1677.0
        ],
        [
            311.45819091796875,
            1134.0
        ],
        [
            316.1207275390625,
            1374.0
        ],
        [
            333.85198974609375,
            1593.0
        ],
        [
            347.3583984375,
            1225.0
        ],
        [
            349.3792724609375,
            658.0
        ],
        [
            360.931396484375,
            1962.0
        ],
        [
            375.092529296875,
            2364.0
        ],
        [
            377.27435302734375,
            2668.0
        ],
        [
            379.23553466796875,
            12688.0
        ],
        [
            384.01806640625,
            3168.0
        ],
        [
            387.07843017578125,
            28744.0
        ],
        [
            389.14300537109375,
            6052.0
        ],
        [
            393.10491943359375,
            1249.0
        ],
        [
            406.95379638671875,
            42679.0
        ],
        [
            408.7794189453125,
            4534.0
        ],
        [
            414.99957275390625,
            14808.0
        ],
        [
            423.9031982421875,
            804.0
        ],
        [
            428.38238525390625,
            6423.0
        ],
        [
            442.605712890625,
            740.0
        ],
        [
            444.39105224609375,
            7975.0
        ]
    ],
    "precursor_mz": 443.1
}